{
  "analyze-patterns.mjs": 1776200316.883039,
  "auth-setup.mjs": 1776214980.6249247,
  "batch-light-api.mjs": 1776228875.9089174,
  "batch-light-multi.mjs": 1776226540.8201892,
  "batch-liveness.mjs": 1776221490.6908176,
  "cache-company.mjs": 1776205877.3954353,
  "check-liveness.mjs": 1776200316.885195,
  "cv-sync-check.mjs": 1776200316.886194,
  "dedup-tracker.mjs": 1776200316.8911936,
  "doctor.mjs": 1776200317.0886252,
  "fetch-jd.mjs": 1776216861.5256126,
  "followup-cadence.mjs": 1776200317.0916073,
  "generate-pdf.mjs": 1776200317.0936236,
  "linkedin-scan.mjs": 1776218906.0321126,
  "liveness-core.mjs": 1776231189.733235,
  "merge-tracker.mjs": 1776200317.0948827,
  "normalize-statuses.mjs": 1776200317.107113,
  "pass-history.mjs": 1776216812.8597355,
  "prepare-batch-input.mjs": 1776224549.1816459,
  "scan.mjs": 1776217387.912052,
  "test-all.mjs": 1776205854.2793748,
  "update-system.mjs": 1776200317.112111,
  "verify-pipeline.mjs": 1776200317.112111,
  "verify-scored.mjs": 1776230378.2486455,
  "batch\\process-scan.mjs": 1776220314.019691,
  "batch\\sort-queue.mjs": 1776211306.70903,
  "dashboard\\main.go": 1776213006.0391629,
  "dashboard\\internal\\data\\career.go": 1776212290.6944664,
  "dashboard\\internal\\model\\career.go": 1776212271.748613,
  "dashboard\\internal\\theme\\catppuccin.go": 1776200316.8881938,
  "dashboard\\internal\\theme\\catppuccin_latte.go": 1776200316.8881938,
  "dashboard\\internal\\theme\\theme.go": 1776200316.889196,
  "dashboard\\internal\\ui\\screens\\inbox.go": 1776211603.5897453,
  "dashboard\\internal\\ui\\screens\\overview.go": 1776212993.3577616,
  "dashboard\\internal\\ui\\screens\\pipeline.go": 1776209791.8195555,
  "dashboard\\internal\\ui\\screens\\pipeline_test.go": 1776200316.8901947,
  "dashboard\\internal\\ui\\screens\\profile.go": 1776212380.7906141,
  "dashboard\\internal\\ui\\screens\\progress.go": 1776200316.8901947,
  "dashboard\\internal\\ui\\screens\\viewer.go": 1776200316.8901947,
  "web\\parsers.mjs": 1776230402.0546465,
  "web\\server.mjs": 1776230411.5069845,
  "web\\static\\app.js": 1776230568.9233851,
  "AGENTS.md": 1776200316.8770392,
  "article-digest.md": 1776203073.3970938,
  "CHANGELOG.md": 1776200316.8770392,
  "CLAUDE.md": 1776293837.586334,
  "CODE_OF_CONDUCT.md": 1776200316.8780396,
  "CONTRIBUTING.md": 1776200316.8780396,
  "cv.md": 1776202938.3115213,
  "DATA_CONTRACT.md": 1776200316.8780396,
  "GIT-WORKFLOW.md": 1776203497.1879423,
  "GOVERNANCE.md": 1776200316.8790572,
  "LEGAL_DISCLAIMER.md": 1776200316.8790572,
  "README.es.md": 1776200316.8790572,
  "README.ja.md": 1776200316.880044,
  "README.ko-KR.md": 1776200316.880044,
  "README.md": 1776200316.8810568,
  "README.pt-BR.md": 1776200316.8810568,
  "README.ru.md": 1776200316.8810568,
  "README.zh-TW.md": 1776200316.8820412,
  "SECURITY.md": 1776200316.8820412,
  "SUPPORT.md": 1776200316.8820412,
  "batch\\batch-prompt-screen-multi.md": 1776226498.4971483,
  "batch\\batch-prompt-screen.md": 1776215574.5270667,
  "batch\\batch-prompt.md": 1776205780.7276049,
  "batch\\README.md": 1776211339.13454,
  "data\\applications.md": 1776229685.031503,
  "data\\pipeline.md": 1776223477.106951,
  "data\\essays\\booth-essay.md": 1776203056.6883771,
  "data\\essays\\duke-essay.md": 1776202542.3919728,
  "data\\essays\\kellogg-essays.md": 1776203043.3428686,
  "data\\essays\\mba-interview-prep.md": 1776202581.346619,
  "data\\essays\\ucla-mba-essay.md": 1776202597.6280978,
  "data\\essays\\wharton-essays.md": 1776203051.5479677,
  "docs\\ARCHITECTURE.md": 1776200316.8911936,
  "docs\\CODEX.md": 1776200316.8921936,
  "docs\\CUSTOMIZATION.md": 1776200316.8921936,
  "docs\\SCRIPTS.md": 1776200316.8921936,
  "docs\\SETUP.md": 1776200316.8931932,
  "examples\\article-digest-example.md": 1776200317.0896237,
  "examples\\ats-normalization-test.md": 1776200317.0896237,
  "examples\\cv-example.md": 1776200317.0896237,
  "examples\\README.md": 1776200317.0896237,
  "examples\\sample-report.md": 1776200317.0906236,
  "examples\\dual-track-engineer-instructor\\cv.md": 1776200317.0906236,
  "examples\\dual-track-engineer-instructor\\README.md": 1776200317.0906236,
  "interview-prep\\story-bank.md": 1776200317.0936236,
  "modes\\apply.md": 1776200317.0958836,
  "modes\\auto-pipeline.md": 1776200317.0958836,
  "modes\\batch.md": 1776200317.0958836,
  "modes\\contacto.md": 1776200317.0968833,
  "modes\\deep.md": 1776200317.097882,
  "modes\\followup.md": 1776200317.097882,
  "modes\\interview-prep.md": 1776200317.0998647,
  "modes\\oferta.md": 1776205767.8719103,
  "modes\\ofertas.md": 1776200317.1018648,
  "modes\\patterns.md": 1776200317.1018648,
  "modes\\pdf.md": 1776200317.1028643,
  "modes\\pipeline.md": 1776200317.1028643,
  "modes\\project.md": 1776200317.1028643,
  "modes\\scan.md": 1776218879.116928,
  "modes\\tracker.md": 1776200317.107113,
  "modes\\training.md": 1776200317.107113,
  "modes\\_profile.md": 1776203232.1146898,
  "modes\\_profile.template.md": 1776200317.0948827,
  "modes\\_shared.md": 1776200317.0948827,
  "modes\\de\\angebot.md": 1776200317.0968833,
  "modes\\de\\bewerben.md": 1776200317.097882,
  "modes\\de\\pipeline.md": 1776200317.097882,
  "modes\\de\\README.md": 1776200317.0968833,
  "modes\\de\\_shared.md": 1776200317.0968833,
  "modes\\fr\\offre.md": 1776200317.098881,
  "modes\\fr\\pipeline.md": 1776200317.098881,
  "modes\\fr\\postuler.md": 1776200317.0998647,
  "modes\\fr\\README.md": 1776200317.098881,
  "modes\\fr\\_shared.md": 1776200317.098881,
  "modes\\ja\\kyujin.md": 1776200317.1008694,
  "modes\\ja\\oubo.md": 1776200317.1008694,
  "modes\\ja\\pipeline.md": 1776200317.1018648,
  "modes\\ja\\README.md": 1776200317.0998647,
  "modes\\ja\\_shared.md": 1776200317.1008694,
  "modes\\pt\\aplicar.md": 1776200317.10413,
  "modes\\pt\\oferta.md": 1776200317.10413,
  "modes\\pt\\pipeline.md": 1776200317.10413,
  "modes\\pt\\README.md": 1776200317.1028643,
  "modes\\pt\\_shared.md": 1776200317.10413,
  "modes\\ru\\apply.md": 1776200317.1051297,
  "modes\\ru\\interview-prep.md": 1776200317.1051297,
  "modes\\ru\\oferta.md": 1776200317.1051297,
  "modes\\ru\\pipeline.md": 1776200317.1061292,
  "modes\\ru\\README.md": 1776200317.10413,
  "modes\\ru\\_shared.md": 1776200317.1051297,
  "reports\\001-wisetack-2026-04-15.md": 1776229664.0158727,
  "templates\\README.md": 1776200317.1101148,
  "docs\\demo.gif": 1776200316.956611,
  "docs\\hero-banner.jpg": 1776200316.9606097,
  "docs\\og-image.jpg": 1776200316.999669,
  "docs\\roadmap-phases.jpg": 1776200317.044214,
  "docs\\vision-banner.jpg": 1776200317.087624
}