{
  "check-liveness-jobs.mjs": 1776297655.8608425,
  "generate-keywords.mjs": 1776297309.8664587,
  "linkedin-scan.mjs": 1776296229.166737,
  "migrate-to-jobs-tsv.mjs": 1776296111.0272603,
  "scan.mjs": 1776297573.266357,
  "websearch-scan.mjs": 1776298279.2193043,
  "archive\\batch-light-api.mjs": 1776296647.9773421,
  "archive\\batch-light-multi.mjs": 1776296648.026689,
  "archive\\pass-history.mjs": 1776296648.1354785,
  "archive\\prepare-batch-input.mjs": 1776296648.0863397,
  "web\\parsers.mjs": 1776296350.469162,
  "web\\server.mjs": 1776298905.3372066,
  "web\\static\\app.js": 1776302227.9503274,
  "CLAUDE.md": 1776296734.0846882,
  "archive\\batch-prompt-screen-multi.md": 1776296648.2937393,
  "archive\\batch-prompt-screen.md": 1776296648.1769774
}